{
  "remoteok": 1782051864.1072721,
  "weworkremotely": 1782051864.8582563,
  "arbeitnow": 1782051864.9508984,
  "reddit": 1782051873.6176398,
  "google_jobs": 1781984809.2992702,
  "hackernews": 1782051878.3600354,
  "jobspy": 1781984826.5180423
}