{
  "remoteok": 1783757097.3497448,
  "weworkremotely": 1783757098.39317,
  "arbeitnow": 1783757098.5352802,
  "reddit": 1783757107.5195255,
  "google_jobs": 1783721466.2428465,
  "hackernews": 1783757108.4883788,
  "jobspy": 1783721477.942848
}