{
  "remoteok": 1784795949.9158823,
  "weworkremotely": 1784795951.1818197,
  "arbeitnow": 1784795951.4133189,
  "reddit": 1784795960.8608546,
  "google_jobs": 1784758182.0074077,
  "hackernews": 1784795961.9460592,
  "jobspy": 1784758192.066166
}