{
  "remoteok": 1782620555.0040748,
  "weworkremotely": 1782620555.6443484,
  "arbeitnow": 1782620555.7757297,
  "reddit": 1782620564.521158,
  "google_jobs": 1782598113.894261,
  "hackernews": 1782620569.4358113,
  "jobspy": 1782598137.7937682
}