{
  "remoteok": 1784457534.0887253,
  "weworkremotely": 1784457535.2468612,
  "arbeitnow": 1784457535.6114674,
  "reddit": 1784457544.3157256,
  "google_jobs": 1784411784.350081,
  "hackernews": 1784457545.5238802,
  "jobspy": 1784411839.8617654
}