{
  "remoteok": 1782398652.8978376,
  "weworkremotely": 1782398653.9560997,
  "arbeitnow": 1782398654.058941,
  "reddit": 1782398662.7265632,
  "google_jobs": 1782339790.0189335,
  "hackernews": 1782398667.8779175,
  "jobspy": 1782339806.4466052
}