{
  "remoteok": 1782187462.9697466,
  "weworkremotely": 1782187464.0514977,
  "arbeitnow": 1782187464.1771722,
  "reddit": 1782187472.8407462,
  "google_jobs": 1782168661.8024802,
  "hackernews": 1782187478.4667368,
  "jobspy": 1782168676.8541906
}