{
  "remoteok": 1782748667.9982145,
  "weworkremotely": 1782748668.8362675,
  "arbeitnow": 1782748669.007004,
  "reddit": 1782748677.7332916,
  "google_jobs": 1782684410.7389712,
  "hackernews": 1782748682.5872178,
  "jobspy": 1782684430.5666237
}