{
  "remoteok": 1783154745.8634489,
  "weworkremotely": 1783154746.9716423,
  "arbeitnow": 1783154747.1073277,
  "reddit": 1783154755.7504425,
  "google_jobs": 1783116585.3012145,
  "hackernews": 1783154756.761599,
  "jobspy": 1783116601.179256
}