{
  "remoteok": 1782380055.8485339,
  "weworkremotely": 1782380057.0879636,
  "arbeitnow": 1782380057.328621,
  "reddit": 1782380066.79235,
  "google_jobs": 1782339790.0189335,
  "hackernews": 1782380071.7294157,
  "jobspy": 1782339806.4466052
}