{
  "remoteok": 1783765174.7534516,
  "weworkremotely": 1783765175.5147135,
  "arbeitnow": 1783765175.8521183,
  "reddit": 1783765185.142335,
  "google_jobs": 1783721466.2428465,
  "hackernews": 1783765186.2720997,
  "jobspy": 1783721477.942848
}