{
  "remoteok": 1781898969.9009888,
  "weworkremotely": 1781898971.195765,
  "arbeitnow": 1781898971.6541348,
  "reddit": 1781898981.151721,
  "google_jobs": 1781898984.0476186,
  "hackernews": 1781898988.896317,
  "jobspy": 1781899000.6542997
}