{
  "remoteok": 1783655599.5985544,
  "weworkremotely": 1783655601.0216637,
  "arbeitnow": 1783655601.3900986,
  "reddit": 1783655610.411591,
  "google_jobs": 1783636083.4917495,
  "hackernews": 1783655611.3983045,
  "jobspy": 1783636095.9890082
}