{
  "remoteok": 1784557251.9070342,
  "weworkremotely": 1784557252.822516,
  "arbeitnow": 1784557253.1048136,
  "reddit": 1784557262.4246461,
  "google_jobs": 1784498350.6254427,
  "hackernews": 1784557263.4988837,
  "jobspy": 1784498361.450731
}