{
  "remoteok": 1784690391.1026902,
  "weworkremotely": 1784690392.1327586,
  "arbeitnow": 1784690392.2189355,
  "reddit": 1784690400.8967435,
  "google_jobs": 1784671679.0893016,
  "hackernews": 1784690402.2951849,
  "jobspy": 1784671702.2497354
}