{
  "remoteok": 1782418217.155771,
  "weworkremotely": 1782418217.9402735,
  "arbeitnow": 1782418218.124833,
  "reddit": 1782418226.8979435,
  "google_jobs": 1782339790.0189335,
  "hackernews": 1782418231.8969069,
  "jobspy": 1782339806.4466052
}