{
  "remoteok": 1782857920.3153846,
  "weworkremotely": 1782857921.490633,
  "arbeitnow": 1782857921.7471578,
  "reddit": 1782857930.3928897,
  "google_jobs": 1782857949.5171797,
  "hackernews": 1782857954.7001052,
  "jobspy": 1782857967.6164274
}