{
  "remoteok": 1783021276.8308227,
  "weworkremotely": 1783021278.3070505,
  "arbeitnow": 1783021278.3930378,
  "reddit": 1783021287.039913,
  "google_jobs": 1782944553.9431906,
  "hackernews": 1783021290.7275605,
  "jobspy": 1782944567.3140638
}