{
  "remoteok": 1782708125.736457,
  "weworkremotely": 1782708126.855479,
  "arbeitnow": 1782708127.0491478,
  "reddit": 1782708136.347386,
  "google_jobs": 1782684410.7389712,
  "hackernews": 1782708141.1216376,
  "jobspy": 1782684430.5666237
}