{
  "remoteok": 1782245635.513668,
  "weworkremotely": 1782245636.9244282,
  "arbeitnow": 1782245637.0531511,
  "reddit": 1782245645.684645,
  "google_jobs": 1782168661.8024802,
  "hackernews": 1782245651.3498197,
  "jobspy": 1782168676.8541906
}