{
  "remoteok": 1784390483.8863566,
  "weworkremotely": 1784390484.6146193,
  "arbeitnow": 1784390484.7205038,
  "reddit": 1784390493.6282256,
  "google_jobs": 1784325535.4809048,
  "hackernews": 1784390494.5599275,
  "jobspy": 1784325548.975532
}