{
  "remoteok": 1781972652.0885437,
  "weworkremotely": 1781972652.8834555,
  "arbeitnow": 1781972653.0518975,
  "reddit": 1781972661.8064706,
  "google_jobs": 1781898984.0476186,
  "hackernews": 1781972666.4211116,
  "jobspy": 1781899000.6542997
}