{
  "remoteok": 1782484645.773427,
  "weworkremotely": 1782484646.9187567,
  "arbeitnow": 1782484647.1318924,
  "reddit": 1782484656.1076484,
  "google_jobs": 1782426306.7704709,
  "hackernews": 1782484661.7223797,
  "jobspy": 1782426323.4939945
}