{
  "remoteok": 1783001855.108958,
  "weworkremotely": 1783001855.8431277,
  "arbeitnow": 1783001855.9477136,
  "reddit": 1783001864.6573603,
  "google_jobs": 1782944553.9431906,
  "hackernews": 1783001868.6870472,
  "jobspy": 1782944567.3140638
}