{
  "remoteok": 1783539769.7003055,
  "weworkremotely": 1783539770.7086186,
  "arbeitnow": 1783539771.0025437,
  "reddit": 1783539780.3997655,
  "google_jobs": 1783462558.5522964,
  "hackernews": 1783539781.4294796,
  "jobspy": 1783462572.7302613
}