{
  "remoteok": 1782154290.4553113,
  "weworkremotely": 1782154291.3812366,
  "arbeitnow": 1782154291.5761905,
  "reddit": 1782154300.91195,
  "google_jobs": 1782071564.1922135,
  "hackernews": 1782154306.1143277,
  "jobspy": 1782071580.5275397
}