{
  "remoteok": 1784816410.7285917,
  "weworkremotely": 1784816411.5653605,
  "arbeitnow": 1784816411.676653,
  "reddit": 1784816420.7991939,
  "google_jobs": 1784758182.0074077,
  "hackernews": 1784816421.7874253,
  "jobspy": 1784758192.066166
}