{
  "remoteok": 1784565386.475563,
  "weworkremotely": 1784565387.5209992,
  "arbeitnow": 1784565387.6821566,
  "reddit": 1784565396.5533578,
  "google_jobs": 1784498350.6254427,
  "hackernews": 1784565397.5860674,
  "jobspy": 1784498361.450731
}