{
  "remoteok": 1783162615.0477133,
  "weworkremotely": 1783162615.766693,
  "arbeitnow": 1783162616.0339775,
  "reddit": 1783162624.7109241,
  "google_jobs": 1783116585.3012145,
  "hackernews": 1783162625.6373012,
  "jobspy": 1783116601.179256
}