{
  "remoteok": 1782763657.2619975,
  "weworkremotely": 1782763658.3672893,
  "arbeitnow": 1782763658.4491732,
  "reddit": 1782763667.1188047,
  "google_jobs": 1782684410.7389712,
  "hackernews": 1782763672.1205862,
  "jobspy": 1782684430.5666237
}