{
  "remoteok": 1782879907.1726317,
  "weworkremotely": 1782879908.0853214,
  "arbeitnow": 1782879908.3731704,
  "reddit": 1782879917.04443,
  "google_jobs": 1782857949.5171797,
  "hackernews": 1782879921.7908661,
  "jobspy": 1782857967.6164274
}