{
  "remoteok": 1784468236.9603374,
  "weworkremotely": 1784468238.4436688,
  "arbeitnow": 1784468238.518752,
  "reddit": 1784468247.2076228,
  "google_jobs": 1784411784.350081,
  "hackernews": 1784468248.3208656,
  "jobspy": 1784411839.8617654
}