{
  "remoteok": 1782675536.621513,
  "weworkremotely": 1782675537.3634624,
  "arbeitnow": 1782675537.4612217,
  "reddit": 1782675546.398113,
  "google_jobs": 1782598113.894261,
  "hackernews": 1782675551.2900586,
  "jobspy": 1782598137.7937682
}