{
  "remoteok": 1782312299.9683778,
  "weworkremotely": 1782312301.1610274,
  "arbeitnow": 1782312301.4067428,
  "reddit": 1782312310.8183634,
  "google_jobs": 1782253159.1188507,
  "hackernews": 1782312315.705891,
  "jobspy": 1782253175.1930306
}