{
  "remoteok": 1784431667.3100967,
  "weworkremotely": 1784431668.829176,
  "arbeitnow": 1784431669.0864244,
  "reddit": 1784431677.737713,
  "google_jobs": 1784411784.350081,
  "hackernews": 1784431678.7413752,
  "jobspy": 1784411839.8617654
}