{
  "remoteok": 1782426294.5021079,
  "weworkremotely": 1782426295.4640386,
  "arbeitnow": 1782426295.541383,
  "reddit": 1782426304.1850164,
  "google_jobs": 1782426306.7704709,
  "hackernews": 1782426312.2857275,
  "jobspy": 1782426323.4939945
}