{
  "remoteok": 1783172838.8996592,
  "weworkremotely": 1783172839.8327396,
  "arbeitnow": 1783172839.9453094,
  "reddit": 1783172848.8333027,
  "google_jobs": 1783116585.3012145,
  "hackernews": 1783172849.7617178,
  "jobspy": 1783116601.179256
}