{
  "remoteok": 1784891175.6032202,
  "weworkremotely": 1784891177.019493,
  "arbeitnow": 1784891177.3091898,
  "reddit": 1784891186.2832096,
  "google_jobs": 1784844553.4410913,
  "hackernews": 1784891187.253449,
  "jobspy": 1784844565.9834569
}