{
  "remoteok": 1782104735.4725158,
  "weworkremotely": 1782104736.3976915,
  "arbeitnow": 1782104736.4768147,
  "reddit": 1782104745.1312656,
  "google_jobs": 1782071564.1922135,
  "hackernews": 1782104750.235535,
  "jobspy": 1782071580.5275397
}