{
  "remoteok": 1784315940.923987,
  "weworkremotely": 1784315942.729339,
  "arbeitnow": 1784315943.0079384,
  "reddit": 1784315952.5066698,
  "google_jobs": 1784239685.1294925,
  "hackernews": 1784315953.5450938,
  "jobspy": 1784239697.446122
}