{
  "remoteok": 1784709436.2705176,
  "weworkremotely": 1784709437.0688026,
  "arbeitnow": 1784709437.2045345,
  "reddit": 1784709445.8704967,
  "google_jobs": 1784671679.0893016,
  "hackernews": 1784709446.8191955,
  "jobspy": 1784671702.2497354
}