{
  "remoteok": 1783777214.7619185,
  "weworkremotely": 1783777215.77435,
  "arbeitnow": 1783777215.9224174,
  "reddit": 1783777224.9143772,
  "google_jobs": 1783721466.2428465,
  "hackernews": 1783777226.263405,
  "jobspy": 1783721477.942848
}