{
  "remoteok": 1782512317.3008626,
  "weworkremotely": 1782512318.0671859,
  "arbeitnow": 1782512318.1858525,
  "reddit": 1782512326.8749485,
  "google_jobs": 1782512328.3644114,
  "hackernews": 1782512333.0399592,
  "jobspy": 1782512345.093901
}