{
  "remoteok": 1784737453.057836,
  "weworkremotely": 1784737454.4151273,
  "arbeitnow": 1784737454.6135497,
  "reddit": 1784737463.7161434,
  "google_jobs": 1784671679.0893016,
  "hackernews": 1784737464.6942167,
  "jobspy": 1784671702.2497354
}