{
  "remoteok": 1783417982.495228,
  "weworkremotely": 1783417983.244879,
  "arbeitnow": 1783417983.346213,
  "reddit": 1783417992.2655065,
  "google_jobs": 1783376346.6741984,
  "hackernews": 1783417993.2139068,
  "jobspy": 1783376364.8934228
}