{
  "remoteok": 1783192982.844186,
  "weworkremotely": 1783192983.5803864,
  "arbeitnow": 1783192983.6968734,
  "reddit": 1783192992.6097383,
  "google_jobs": 1783116585.3012145,
  "hackernews": 1783192993.6772337,
  "jobspy": 1783116601.179256
}