{
  "remoteok": 1782829940.1397648,
  "weworkremotely": 1782829940.8799064,
  "arbeitnow": 1782829941.0468178,
  "reddit": 1782829949.9938402,
  "google_jobs": 1782771274.0799289,
  "hackernews": 1782829954.7152543,
  "jobspy": 1782771289.1106906
}