{
  "remoteok": 1784093869.7376685,
  "weworkremotely": 1784093870.3042996,
  "arbeitnow": 1784093870.4556308,
  "reddit": 1784093879.157823,
  "google_jobs": 1784066648.6983376,
  "hackernews": 1784093880.2196867,
  "jobspy": 1784066659.0413673
}