{
  "remoteok": 1783335028.886505,
  "weworkremotely": 1783335029.650242,
  "arbeitnow": 1783335029.770604,
  "reddit": 1783335038.6286836,
  "google_jobs": 1783289264.9107106,
  "hackernews": 1783335039.6234436,
  "jobspy": 1783289278.111536
}