{
  "remoteok": 1784210830.7218256,
  "weworkremotely": 1784210831.3550754,
  "arbeitnow": 1784210831.4936008,
  "reddit": 1784210840.2775972,
  "google_jobs": 1784153219.7174153,
  "hackernews": 1784210841.2956913,
  "jobspy": 1784153230.1256545
}