{
  "remoteok": 1783508982.3352613,
  "weworkremotely": 1783508983.3209696,
  "arbeitnow": 1783508983.5076892,
  "reddit": 1783508992.5733447,
  "google_jobs": 1783462558.5522964,
  "hackernews": 1783508993.657584,
  "jobspy": 1783462572.7302613
}