{
  "remoteok": 1782965055.5825458,
  "weworkremotely": 1782965056.2409754,
  "arbeitnow": 1782965056.3108084,
  "reddit": 1782965064.9736652,
  "google_jobs": 1782944553.9431906,
  "hackernews": 1782965067.5805037,
  "jobspy": 1782944567.3140638
}