{
  "remoteok": 1783702910.431921,
  "weworkremotely": 1783702911.1273873,
  "arbeitnow": 1783702911.316916,
  "reddit": 1783702920.2476487,
  "google_jobs": 1783636083.4917495,
  "hackernews": 1783702921.1997328,
  "jobspy": 1783636095.9890082
}