{
  "remoteok": 1782466745.1529722,
  "weworkremotely": 1782466746.0248015,
  "arbeitnow": 1782466746.1856573,
  "reddit": 1782466754.8938196,
  "google_jobs": 1782426306.7704709,
  "hackernews": 1782466759.91599,
  "jobspy": 1782426323.4939945
}