{
  "remoteok": 1782017877.1338317,
  "weworkremotely": 1782017878.2996824,
  "arbeitnow": 1782017878.628135,
  "reddit": 1782017887.6770031,
  "google_jobs": 1781984809.2992702,
  "hackernews": 1782017892.5740442,
  "jobspy": 1781984826.5180423
}