{
  "remoteok": 1784199901.6856089,
  "weworkremotely": 1784199902.9184613,
  "arbeitnow": 1784199903.0450997,
  "reddit": 1784199911.6961288,
  "google_jobs": 1784153219.7174153,
  "hackernews": 1784199912.7204819,
  "jobspy": 1784153230.1256545
}