{
  "remoteok": 1784604085.0567317,
  "weworkremotely": 1784604085.9357243,
  "arbeitnow": 1784604086.13785,
  "reddit": 1784604095.4594004,
  "google_jobs": 1784585139.6591947,
  "hackernews": 1784604096.4982626,
  "jobspy": 1784585182.410842
}