{
  "remoteok": 1784632366.6517763,
  "weworkremotely": 1784632367.6827288,
  "arbeitnow": 1784632367.9049442,
  "reddit": 1784632377.3698003,
  "google_jobs": 1784585139.6591947,
  "hackernews": 1784632378.4075897,
  "jobspy": 1784585182.410842
}