{
  "remoteok": 1783279606.929277,
  "weworkremotely": 1783279607.8282137,
  "arbeitnow": 1783279608.0538247,
  "reddit": 1783279617.2405612,
  "google_jobs": 1783202612.4527895,
  "hackernews": 1783279618.3102024,
  "jobspy": 1783202628.8539755
}