{
  "remoteok": 1783224092.4585187,
  "weworkremotely": 1783224093.672899,
  "arbeitnow": 1783224093.7470174,
  "reddit": 1783224102.387284,
  "google_jobs": 1783202612.4527895,
  "hackernews": 1783224103.3921998,
  "jobspy": 1783202628.8539755
}