{
  "remoteok": 1783893431.3775585,
  "weworkremotely": 1783893432.016111,
  "arbeitnow": 1783893432.1874673,
  "reddit": 1783893441.098093,
  "google_jobs": 1783893443.4204237,
  "hackernews": 1783893444.3647397,
  "jobspy": 1783893457.56384
}