{
  "remoteok": 1783116563.2570915,
  "weworkremotely": 1783116573.1468925,
  "arbeitnow": 1783116573.336026,
  "reddit": 1783116582.0705934,
  "google_jobs": 1783116585.3012145,
  "hackernews": 1783116586.251738,
  "jobspy": 1783116601.179256
}