{
  "remoteok": 1784112970.6681285,
  "weworkremotely": 1784112971.9094653,
  "arbeitnow": 1784112972.227272,
  "reddit": 1784112981.0025375,
  "google_jobs": 1784066648.6983376,
  "hackernews": 1784112982.026305,
  "jobspy": 1784066659.0413673
}