{
  "remoteok": 1782360452.0367277,
  "weworkremotely": 1782360452.9221995,
  "arbeitnow": 1782360453.2189512,
  "reddit": 1782360462.46395,
  "google_jobs": 1782339790.0189335,
  "hackernews": 1782360467.2446842,
  "jobspy": 1782339806.4466052
}