{
  "remoteok": 1782503955.4534142,
  "weworkremotely": 1782503956.1778855,
  "arbeitnow": 1782503956.5032113,
  "reddit": 1782503965.6096754,
  "google_jobs": 1782426306.7704709,
  "hackernews": 1782503970.3939302,
  "jobspy": 1782426323.4939945
}