{
  "remoteok": 1782589056.6044912,
  "weworkremotely": 1782589057.8233507,
  "arbeitnow": 1782589057.9107814,
  "reddit": 1782589066.5500803,
  "google_jobs": 1782512328.3644114,
  "hackernews": 1782589071.761767,
  "jobspy": 1782512345.093901
}