{
  "remoteok": 1783396726.5102131,
  "weworkremotely": 1783396727.193346,
  "arbeitnow": 1783396727.369983,
  "reddit": 1783396736.2687962,
  "google_jobs": 1783376346.6741984,
  "hackernews": 1783396737.2412426,
  "jobspy": 1783376364.8934228
}