{
  "remoteok": 1783590943.59288,
  "weworkremotely": 1783590944.3443093,
  "arbeitnow": 1783590944.549958,
  "reddit": 1783590953.4449937,
  "google_jobs": 1783548767.1452513,
  "hackernews": 1783590954.4171753,
  "jobspy": 1783548784.8001761
}