{
  "remoteok": 1783136520.7891312,
  "weworkremotely": 1783136521.6257057,
  "arbeitnow": 1783136521.8525038,
  "reddit": 1783136530.543099,
  "google_jobs": 1783116585.3012145,
  "hackernews": 1783136531.6161616,
  "jobspy": 1783116601.179256
}