{
  "remoteok": 1783872195.9510553,
  "weworkremotely": 1783872196.666991,
  "arbeitnow": 1783872196.8538442,
  "reddit": 1783872205.7695446,
  "google_jobs": 1783806983.8510523,
  "hackernews": 1783872206.8447995,
  "jobspy": 1783806997.5556755
}