{
  "remoteok": 1783980070.5836394,
  "weworkremotely": 1783980073.3343034,
  "arbeitnow": 1783980073.6838505,
  "reddit": 1783980083.160214,
  "google_jobs": 1783980089.7014496,
  "hackernews": 1783980091.6821463,
  "jobspy": 1783980103.7444754
}