{
  "remoteok": 1782253148.1175668,
  "weworkremotely": 1782253148.9550674,
  "arbeitnow": 1782253149.0806625,
  "reddit": 1782253158.005542,
  "google_jobs": 1782253159.1188507,
  "hackernews": 1782253164.0055063,
  "jobspy": 1782253175.1930306
}