{
  "remoteok": 1784325521.8331683,
  "weworkremotely": 1784325522.9129474,
  "arbeitnow": 1784325523.0884285,
  "reddit": 1784325531.7653332,
  "google_jobs": 1784325535.4809048,
  "hackernews": 1784325536.452979,
  "jobspy": 1784325548.975532
}