{
  "remoteok": 1783852712.5111923,
  "weworkremotely": 1783852713.7658906,
  "arbeitnow": 1783852713.831181,
  "reddit": 1783852722.4825873,
  "google_jobs": 1783806983.8510523,
  "hackernews": 1783852723.655304,
  "jobspy": 1783806997.5556755
}