{
  "remoteok": 1783694485.8368943,
  "weworkremotely": 1783694486.4487667,
  "arbeitnow": 1783694486.5428348,
  "reddit": 1783694495.454822,
  "google_jobs": 1783636083.4917495,
  "hackernews": 1783694496.3792412,
  "jobspy": 1783636095.9890082
}