{
  "remoteok": 1784132858.3071961,
  "weworkremotely": 1784132858.996943,
  "arbeitnow": 1784132859.1250174,
  "reddit": 1784132867.8487847,
  "google_jobs": 1784066648.6983376,
  "hackernews": 1784132868.7965028,
  "jobspy": 1784066659.0413673
}