{
  "remoteok": 1784026309.6106098,
  "weworkremotely": 1784026310.8125174,
  "arbeitnow": 1784026311.0051482,
  "reddit": 1784026319.618164,
  "google_jobs": 1783980089.7014496,
  "hackernews": 1784026320.645586,
  "jobspy": 1783980103.7444754
}