{
  "remoteok": 1782792554.5949557,
  "weworkremotely": 1782792555.3923647,
  "arbeitnow": 1782792555.5324945,
  "reddit": 1782792564.3725822,
  "google_jobs": 1782771274.0799289,
  "hackernews": 1782792569.5612304,
  "jobspy": 1782771289.1106906
}