{
  "remoteok": 1784488455.1744182,
  "weworkremotely": 1784488455.82605,
  "arbeitnow": 1784488455.9033813,
  "reddit": 1784488464.7179425,
  "google_jobs": 1784411784.350081,
  "hackernews": 1784488465.7743132,
  "jobspy": 1784411839.8617654
}