{
  "remoteok": 1784718791.526786,
  "weworkremotely": 1784718792.495416,
  "arbeitnow": 1784718792.6711912,
  "reddit": 1784718801.5070093,
  "google_jobs": 1784671679.0893016,
  "hackernews": 1784718802.5929563,
  "jobspy": 1784671702.2497354
}