{
  "remoteok": 1784381689.7982242,
  "weworkremotely": 1784381690.5576742,
  "arbeitnow": 1784381690.7299993,
  "reddit": 1784381699.5977564,
  "google_jobs": 1784325535.4809048,
  "hackernews": 1784381700.5415034,
  "jobspy": 1784325548.975532
}