{
  "remoteok": 1782655333.640744,
  "weworkremotely": 1782655334.99999,
  "arbeitnow": 1782655335.0767412,
  "reddit": 1782655343.7146745,
  "google_jobs": 1782598113.894261,
  "hackernews": 1782655348.9126039,
  "jobspy": 1782598137.7937682
}