{
  "remoteok": 1783844762.9867907,
  "weworkremotely": 1783844763.9013226,
  "arbeitnow": 1783844764.0789194,
  "reddit": 1783844772.7747498,
  "google_jobs": 1783806983.8510523,
  "hackernews": 1783844774.1744618,
  "jobspy": 1783806997.5556755
}