{
  "remoteok": 1783806971.7213795,
  "weworkremotely": 1783806972.4121625,
  "arbeitnow": 1783806972.577898,
  "reddit": 1783806981.560553,
  "google_jobs": 1783806983.8510523,
  "hackernews": 1783806984.7448678,
  "jobspy": 1783806997.5556755
}