{
  "remoteok": 1783242857.4834466,
  "weworkremotely": 1783242858.8070548,
  "arbeitnow": 1783242858.9270806,
  "reddit": 1783242867.5525692,
  "google_jobs": 1783202612.4527895,
  "hackernews": 1783242868.547657,
  "jobspy": 1783202628.8539755
}