{
  "remoteok": 1782549872.7455893,
  "weworkremotely": 1782549873.7211063,
  "arbeitnow": 1782549873.8107982,
  "reddit": 1782549882.4346302,
  "google_jobs": 1782512328.3644114,
  "hackernews": 1782549887.518,
  "jobspy": 1782512345.093901
}