{
  "remoteok": 1783088541.2650204,
  "weworkremotely": 1783088542.3503373,
  "arbeitnow": 1783088542.45373,
  "reddit": 1783088551.0854702,
  "google_jobs": 1783030366.1760168,
  "hackernews": 1783088552.0833552,
  "jobspy": 1783030382.678972
}