{
  "remoteok": 1782663453.4056785,
  "weworkremotely": 1782663454.241177,
  "arbeitnow": 1782663454.4923093,
  "reddit": 1782663463.2639296,
  "google_jobs": 1782598113.894261,
  "hackernews": 1782663468.240555,
  "jobspy": 1782598137.7937682
}