{
  "remoteok": 1782936235.8330784,
  "weworkremotely": 1782936237.2273018,
  "arbeitnow": 1782936237.640872,
  "reddit": 1782936247.0882392,
  "google_jobs": 1782857949.5171797,
  "hackernews": 1782936249.800829,
  "jobspy": 1782857967.6164274
}