{
  "remoteok": 1782576671.1726918,
  "weworkremotely": 1782576671.9946296,
  "arbeitnow": 1782576672.1358297,
  "reddit": 1782576680.846846,
  "google_jobs": 1782512328.3644114,
  "hackernews": 1782576685.5702984,
  "jobspy": 1782512345.093901
}