{
  "remoteok": 1783462542.1703608,
  "weworkremotely": 1783462542.77898,
  "arbeitnow": 1783462542.8675864,
  "reddit": 1783462551.6230445,
  "google_jobs": 1783462558.5522964,
  "hackernews": 1783462559.526216,
  "jobspy": 1783462572.7302613
}