{
  "remoteok": 1782984246.445775,
  "weworkremotely": 1782984247.7947052,
  "arbeitnow": 1782984247.8739429,
  "reddit": 1782984256.530192,
  "google_jobs": 1782944553.9431906,
  "hackernews": 1782984260.3291752,
  "jobspy": 1782944567.3140638
}