{
  "remoteok": 1784449642.201269,
  "weworkremotely": 1784449643.2478566,
  "arbeitnow": 1784449643.415973,
  "reddit": 1784449652.4151487,
  "google_jobs": 1784411784.350081,
  "hackernews": 1784449653.3835878,
  "jobspy": 1784411839.8617654
}