{
  "remoteok": 1784844542.1015637,
  "weworkremotely": 1784844543.2364845,
  "arbeitnow": 1784844543.4044726,
  "reddit": 1784844552.0721622,
  "google_jobs": 1784844553.4410913,
  "hackernews": 1784844554.5710244,
  "jobspy": 1784844565.9834569
}