{
  "remoteok": 1784143236.6696134,
  "weworkremotely": 1784143237.3140616,
  "arbeitnow": 1784143237.5303326,
  "reddit": 1784143246.366795,
  "google_jobs": 1784066648.6983376,
  "hackernews": 1784143247.3443744,
  "jobspy": 1784066659.0413673
}