{
  "remoteok": 1784901446.3373067,
  "weworkremotely": 1784901447.1679819,
  "arbeitnow": 1784901447.2877033,
  "reddit": 1784901456.204675,
  "google_jobs": 1784844553.4410913,
  "hackernews": 1784901457.1587408,
  "jobspy": 1784844565.9834569
}