{
  "remoteok": 1781947705.6060698,
  "weworkremotely": 1781947706.6624527,
  "arbeitnow": 1781947706.9183378,
  "reddit": 1781947716.3362057,
  "google_jobs": 1781898984.0476186,
  "hackernews": 1781947721.3433685,
  "jobspy": 1781899000.6542997
}