{
  "remoteok": 1783289246.4340827,
  "weworkremotely": 1783289247.0784433,
  "arbeitnow": 1783289247.2541032,
  "reddit": 1783289256.2222185,
  "google_jobs": 1783289264.9107106,
  "hackernews": 1783289265.9817083,
  "jobspy": 1783289278.111536
}