{
  "remoteok": 1783913656.5060787,
  "weworkremotely": 1783913658.2802794,
  "arbeitnow": 1783913658.4592323,
  "reddit": 1783913667.776959,
  "google_jobs": 1783893443.4204237,
  "hackernews": 1783913670.4311063,
  "jobspy": 1783893457.56384
}