{
  "remoteok": 1783481096.5330405,
  "weworkremotely": 1783481097.1784074,
  "arbeitnow": 1783481097.2787554,
  "reddit": 1783481106.0010612,
  "google_jobs": 1783462558.5522964,
  "hackernews": 1783481107.0150087,
  "jobspy": 1783462572.7302613
}