{
  "remoteok": 1784305196.866977,
  "weworkremotely": 1784305213.3825321,
  "arbeitnow": 1784305213.6261842,
  "reddit": 1784305222.2614987,
  "google_jobs": 1784239685.1294925,
  "hackernews": 1784305223.252432,
  "jobspy": 1784239697.446122
}