{
  "remoteok": 1784824791.8786223,
  "weworkremotely": 1784824792.7392447,
  "arbeitnow": 1784824792.89902,
  "reddit": 1784824801.7574594,
  "google_jobs": 1784758182.0074077,
  "hackernews": 1784824802.8993618,
  "jobspy": 1784758192.066166
}