{
  "remoteok": 1784343356.9670122,
  "weworkremotely": 1784343358.3011923,
  "arbeitnow": 1784343358.5553505,
  "reddit": 1784343368.0271683,
  "google_jobs": 1784325535.4809048,
  "hackernews": 1784343369.0521145,
  "jobspy": 1784325548.975532
}