{
  "remoteok": 1782168647.0762644,
  "weworkremotely": 1782168648.3951483,
  "arbeitnow": 1782168648.5360463,
  "reddit": 1782168657.1751268,
  "google_jobs": 1782168661.8024802,
  "hackernews": 1782168666.971136,
  "jobspy": 1782168676.8541906
}