{
  "remoteok": 1784046005.2415972,
  "weworkremotely": 1784046006.072489,
  "arbeitnow": 1784046006.303988,
  "reddit": 1784046014.9963386,
  "google_jobs": 1783980089.7014496,
  "hackernews": 1784046016.1576304,
  "jobspy": 1783980103.7444754
}