{
  "remoteok": 1783610621.2825873,
  "weworkremotely": 1783610622.1662302,
  "arbeitnow": 1783610622.2902167,
  "reddit": 1783610631.0017262,
  "google_jobs": 1783548767.1452513,
  "hackernews": 1783610631.9869702,
  "jobspy": 1783548784.8001761
}