{
  "remoteok": 1784352809.4527798,
  "weworkremotely": 1784352810.5804715,
  "arbeitnow": 1784352810.666221,
  "reddit": 1784352819.298957,
  "google_jobs": 1784325535.4809048,
  "hackernews": 1784352820.4008365,
  "jobspy": 1784325548.975532
}