{
  "remoteok": 1782080326.1857984,
  "weworkremotely": 1782080326.9927156,
  "arbeitnow": 1782080327.0906487,
  "reddit": 1782080336.0018618,
  "google_jobs": 1782071564.1922135,
  "hackernews": 1782080341.2007601,
  "jobspy": 1782071580.5275397
}