{
  "remoteok": 1784171750.457657,
  "weworkremotely": 1784171755.3763237,
  "arbeitnow": 1784171755.468027,
  "reddit": 1784171764.1170344,
  "google_jobs": 1784153219.7174153,
  "hackernews": 1784171765.1245215,
  "jobspy": 1784153230.1256545
}