{
  "remoteok": 1782294095.806395,
  "weworkremotely": 1782294096.4772558,
  "arbeitnow": 1782294096.5789385,
  "reddit": 1782294105.2641568,
  "google_jobs": 1782253159.1188507,
  "hackernews": 1782294110.1365736,
  "jobspy": 1782253175.1930306
}