{
  "remoteok": 1784190215.7059522,
  "weworkremotely": 1784190217.1637862,
  "arbeitnow": 1784190217.3669991,
  "reddit": 1784190226.4419656,
  "google_jobs": 1784153219.7174153,
  "hackernews": 1784190227.4072733,
  "jobspy": 1784153230.1256545
}