{
  "remoteok": 1782227667.1656983,
  "weworkremotely": 1782227668.6246426,
  "arbeitnow": 1782227668.762545,
  "reddit": 1782227677.412173,
  "google_jobs": 1782168661.8024802,
  "hackernews": 1782227683.0886886,
  "jobspy": 1782168676.8541906
}