{
  "remoteok": 1784361686.2237747,
  "weworkremotely": 1784361688.4431434,
  "arbeitnow": 1784361688.8174555,
  "reddit": 1784361697.4931421,
  "google_jobs": 1784325535.4809048,
  "hackernews": 1784361698.4546287,
  "jobspy": 1784325548.975532
}