{
  "remoteok": 1782731549.9848952,
  "weworkremotely": 1782731551.0393112,
  "arbeitnow": 1782731551.4808552,
  "reddit": 1782731560.3511117,
  "google_jobs": 1782684410.7389712,
  "hackernews": 1782731565.4388933,
  "jobspy": 1782684430.5666237
}