{
  "remoteok": 1784066629.6833587,
  "weworkremotely": 1784066630.5247347,
  "arbeitnow": 1784066630.607557,
  "reddit": 1784066639.253514,
  "google_jobs": 1784066648.6983376,
  "hackernews": 1784066649.7037957,
  "jobspy": 1784066659.0413673
}