{
  "remoteok": 1783971437.5857751,
  "weworkremotely": 1783971438.4951158,
  "arbeitnow": 1783971438.8687305,
  "reddit": 1783971448.3153307,
  "google_jobs": 1783893443.4204237,
  "hackernews": 1783971449.3037987,
  "jobspy": 1783893457.56384
}