{
  "remoteok": 1781993726.1482298,
  "weworkremotely": 1781993726.9136224,
  "arbeitnow": 1781993727.0578687,
  "reddit": 1781993736.0570853,
  "google_jobs": 1781984809.2992702,
  "hackernews": 1781993740.949102,
  "jobspy": 1781984826.5180423
}