{
  "remoteok": 1784370180.5674424,
  "weworkremotely": 1784370181.4636145,
  "arbeitnow": 1784370181.7461724,
  "reddit": 1784370190.63721,
  "google_jobs": 1784325535.4809048,
  "hackernews": 1784370191.7120326,
  "jobspy": 1784325548.975532
}