{
  "remoteok": 1784218915.5177014,
  "weworkremotely": 1784218916.2866137,
  "arbeitnow": 1784218916.4902954,
  "reddit": 1784218925.3001437,
  "google_jobs": 1784153219.7174153,
  "hackernews": 1784218926.3265808,
  "jobspy": 1784153230.1256545
}