{
  "remoteok": 1783997718.3199701,
  "weworkremotely": 1783997719.0661688,
  "arbeitnow": 1783997719.1731875,
  "reddit": 1783997727.8255377,
  "google_jobs": 1783980089.7014496,
  "hackernews": 1783997729.1093578,
  "jobspy": 1783980103.7444754
}