{
  "remoteok": 1782407919.3545406,
  "weworkremotely": 1782407920.416944,
  "arbeitnow": 1782407920.537606,
  "reddit": 1782407929.2405133,
  "google_jobs": 1782339790.0189335,
  "hackernews": 1782407933.7437599,
  "jobspy": 1782339806.4466052
}