{
  "remoteok": 1783739982.5876188,
  "weworkremotely": 1783739983.6655204,
  "arbeitnow": 1783739983.9737437,
  "reddit": 1783739992.6029232,
  "google_jobs": 1783721466.2428465,
  "hackernews": 1783739993.5987744,
  "jobspy": 1783721477.942848
}