{
  "remoteok": 1782598097.858553,
  "weworkremotely": 1782598098.6263728,
  "arbeitnow": 1782598098.7268536,
  "reddit": 1782598107.7657764,
  "google_jobs": 1782598113.894261,
  "hackernews": 1782598118.7827892,
  "jobspy": 1782598137.7937682
}