{
  "remoteok": 1782060571.8571687,
  "weworkremotely": 1782060572.7986357,
  "arbeitnow": 1782060572.9673977,
  "reddit": 1782060581.6475253,
  "google_jobs": 1781984809.2992702,
  "hackernews": 1782060586.3009458,
  "jobspy": 1781984826.5180423
}