{
  "remoteok": 1784642830.551178,
  "weworkremotely": 1784642831.3849738,
  "arbeitnow": 1784642831.6060088,
  "reddit": 1784642841.0972486,
  "google_jobs": 1784585139.6591947,
  "hackernews": 1784642842.076157,
  "jobspy": 1784585182.410842
}