{
  "remoteok": 1784153208.515925,
  "weworkremotely": 1784153209.4191086,
  "arbeitnow": 1784153209.5152128,
  "reddit": 1784153218.1495585,
  "google_jobs": 1784153219.7174153,
  "hackernews": 1784153220.7399652,
  "jobspy": 1784153230.1256545
}