{
  "remoteok": 1783626893.899769,
  "weworkremotely": 1783626894.9048347,
  "arbeitnow": 1783626894.9787457,
  "reddit": 1783626903.6086652,
  "google_jobs": 1783548767.1452513,
  "hackernews": 1783626904.6225798,
  "jobspy": 1783548784.8001761
}