{
  "remoteok": 1783712476.1019208,
  "weworkremotely": 1783712476.7014165,
  "arbeitnow": 1783712476.8045952,
  "reddit": 1783712485.6726446,
  "google_jobs": 1783636083.4917495,
  "hackernews": 1783712486.837785,
  "jobspy": 1783636095.9890082
}