{
  "remoteok": 1784285561.4313812,
  "weworkremotely": 1784285562.7002485,
  "arbeitnow": 1784285562.8362248,
  "reddit": 1784285571.8331573,
  "google_jobs": 1784239685.1294925,
  "hackernews": 1784285572.9510903,
  "jobspy": 1784239697.446122
}