{
  "remoteok": 1784863257.4948132,
  "weworkremotely": 1784863258.4386954,
  "arbeitnow": 1784863258.5387475,
  "reddit": 1784863267.261331,
  "google_jobs": 1784844553.4410913,
  "hackernews": 1784863268.3712404,
  "jobspy": 1784844565.9834569
}