{
  "remoteok": 1783935524.508817,
  "weworkremotely": 1783935525.0546362,
  "arbeitnow": 1783935525.2007716,
  "reddit": 1783935533.9334338,
  "google_jobs": 1783893443.4204237,
  "hackernews": 1783935534.8370137,
  "jobspy": 1783893457.56384
}