{
  "remoteok": 1784585121.397661,
  "weworkremotely": 1784585122.126303,
  "arbeitnow": 1784585122.530014,
  "reddit": 1784585131.3150108,
  "google_jobs": 1784585139.6591947,
  "hackernews": 1784585140.6805267,
  "jobspy": 1784585182.410842
}