{
  "remoteok": 1784805305.7923875,
  "weworkremotely": 1784805307.356361,
  "arbeitnow": 1784805307.5849771,
  "reddit": 1784805316.7327218,
  "google_jobs": 1784758182.0074077,
  "hackernews": 1784805317.8285239,
  "jobspy": 1784758192.066166
}