{
  "remoteok": 1783011285.2273831,
  "weworkremotely": 1783011286.0970924,
  "arbeitnow": 1783011286.2218993,
  "reddit": 1783011294.876907,
  "google_jobs": 1782944553.9431906,
  "hackernews": 1783011298.3756063,
  "jobspy": 1782944567.3140638
}