{
  "remoteok": 1783797146.4299545,
  "weworkremotely": 1783797147.2960484,
  "arbeitnow": 1783797147.4065883,
  "reddit": 1783797156.0640929,
  "google_jobs": 1783721466.2428465,
  "hackernews": 1783797157.0242467,
  "jobspy": 1783721477.942848
}