{
  "remoteok": 1783548751.702618,
  "weworkremotely": 1783548752.373691,
  "arbeitnow": 1783548752.4716125,
  "reddit": 1783548761.194232,
  "google_jobs": 1783548767.1452513,
  "hackernews": 1783548768.201769,
  "jobspy": 1783548784.8001761
}