{
  "remoteok": 1783499892.198108,
  "weworkremotely": 1783499892.8409224,
  "arbeitnow": 1783499892.9926426,
  "reddit": 1783499901.7159274,
  "google_jobs": 1783462558.5522964,
  "hackernews": 1783499902.93968,
  "jobspy": 1783462572.7302613
}