{
  "remoteok": 1782684395.9561753,
  "weworkremotely": 1782684397.2846992,
  "arbeitnow": 1782684397.4111867,
  "reddit": 1782684406.049259,
  "google_jobs": 1782684410.7389712,
  "hackernews": 1782684415.834872,
  "jobspy": 1782684430.5666237
}