{
  "remoteok": 1784007408.3822386,
  "weworkremotely": 1784007409.163725,
  "arbeitnow": 1784007409.2677298,
  "reddit": 1784007417.9586573,
  "google_jobs": 1783980089.7014496,
  "hackernews": 1784007419.2856572,
  "jobspy": 1783980103.7444754
}