{
  "remoteok": 1782926450.2149465,
  "weworkremotely": 1782926450.9640772,
  "arbeitnow": 1782926451.075823,
  "reddit": 1782926459.8123462,
  "google_jobs": 1782857949.5171797,
  "hackernews": 1782926461.665361,
  "jobspy": 1782857967.6164274
}