{
  "remoteok": 1784276379.54366,
  "weworkremotely": 1784276380.7659671,
  "arbeitnow": 1784276380.9156504,
  "reddit": 1784276389.9914446,
  "google_jobs": 1784239685.1294925,
  "hackernews": 1784276391.0243042,
  "jobspy": 1784239697.446122
}