{
  "remoteok": 1784662803.7989855,
  "weworkremotely": 1784662804.8735251,
  "arbeitnow": 1784662804.964152,
  "reddit": 1784662813.602929,
  "google_jobs": 1784585139.6591947,
  "hackernews": 1784662814.8197587,
  "jobspy": 1784585182.410842
}