{
  "remoteok": 1783050630.5176327,
  "weworkremotely": 1783050632.3990939,
  "arbeitnow": 1783050632.5600462,
  "reddit": 1783050641.2067857,
  "google_jobs": 1783030366.1760168,
  "hackernews": 1783050644.6830328,
  "jobspy": 1783030382.678972
}