{
  "remoteok": 1784103850.0183885,
  "weworkremotely": 1784103850.6259212,
  "arbeitnow": 1784103850.7434537,
  "reddit": 1784103859.6461422,
  "google_jobs": 1784066648.6983376,
  "hackernews": 1784103860.6020904,
  "jobspy": 1784066659.0413673
}