{
  "remoteok": 1782900061.9616742,
  "weworkremotely": 1782900063.1078436,
  "arbeitnow": 1782900063.2265434,
  "reddit": 1782900071.9555736,
  "google_jobs": 1782857949.5171797,
  "hackernews": 1782900079.5192623,
  "jobspy": 1782857967.6164274
}