{
  "remoteok": 1784748906.0049434,
  "weworkremotely": 1784748907.5236394,
  "arbeitnow": 1784748907.636212,
  "reddit": 1784748916.2870746,
  "google_jobs": 1784671679.0893016,
  "hackernews": 1784748917.3208604,
  "jobspy": 1784671702.2497354
}