{
  "remoteok": 1783030350.05187,
  "weworkremotely": 1783030350.7366235,
  "arbeitnow": 1783030350.8332908,
  "reddit": 1783030359.817406,
  "google_jobs": 1783030366.1760168,
  "hackernews": 1783030369.7089002,
  "jobspy": 1783030382.678972
}