{
  "remoteok": 1784229687.7607985,
  "weworkremotely": 1784229688.798476,
  "arbeitnow": 1784229688.985492,
  "reddit": 1784229697.9794004,
  "google_jobs": 1784153219.7174153,
  "hackernews": 1784229698.9643145,
  "jobspy": 1784153230.1256545
}