{
  "remoteok": 1784037500.5013347,
  "weworkremotely": 1784037501.3990002,
  "arbeitnow": 1784037501.5832999,
  "reddit": 1784037510.6568213,
  "google_jobs": 1783980089.7014496,
  "hackernews": 1784037511.6396346,
  "jobspy": 1783980103.7444754
}