{
  "remoteok": 1783181309.475348,
  "weworkremotely": 1783181310.5009675,
  "arbeitnow": 1783181310.5802724,
  "reddit": 1783181319.2634635,
  "google_jobs": 1783116585.3012145,
  "hackernews": 1783181320.3395877,
  "jobspy": 1783116601.179256
}