{
  "remoteok": 1783883632.7608216,
  "weworkremotely": 1783883633.6362875,
  "arbeitnow": 1783883633.8292923,
  "reddit": 1783883643.0546935,
  "google_jobs": 1783806983.8510523,
  "hackernews": 1783883644.086264,
  "jobspy": 1783806997.5556755
}