{
  "remoteok": 1782320988.8426316,
  "weworkremotely": 1782320989.8271692,
  "arbeitnow": 1782320989.9156547,
  "reddit": 1782320998.5490746,
  "google_jobs": 1782253159.1188507,
  "hackernews": 1782321003.8640401,
  "jobspy": 1782253175.1930306
}