{
  "remoteok": 1783954113.2591984,
  "weworkremotely": 1783954114.9869518,
  "arbeitnow": 1783954115.0853455,
  "reddit": 1783954123.7261856,
  "google_jobs": 1783893443.4204237,
  "hackernews": 1783954124.7726889,
  "jobspy": 1783893457.56384
}