{
  "remoteok": 1783529051.9197176,
  "weworkremotely": 1783529052.966746,
  "arbeitnow": 1783529053.2162235,
  "reddit": 1783529062.6827457,
  "google_jobs": 1783462558.5522964,
  "hackernews": 1783529063.720218,
  "jobspy": 1783462572.7302613
}