{
  "remoteok": 1782771233.1493714,
  "weworkremotely": 1782771234.362852,
  "arbeitnow": 1782771234.6213598,
  "reddit": 1782771243.982854,
  "google_jobs": 1782771274.0799289,
  "hackernews": 1782771279.0426111,
  "jobspy": 1782771289.1106906
}