{
  "remoteok": 1784777206.3352103,
  "weworkremotely": 1784777207.5524383,
  "arbeitnow": 1784777208.0495656,
  "reddit": 1784777217.3617113,
  "google_jobs": 1784758182.0074077,
  "hackernews": 1784777218.44744,
  "jobspy": 1784758192.066166
}