{
  "remoteok": 1784476898.4814804,
  "weworkremotely": 1784476901.6736517,
  "arbeitnow": 1784476902.1913567,
  "reddit": 1784476911.233384,
  "google_jobs": 1784411784.350081,
  "hackernews": 1784476912.3798547,
  "jobspy": 1784411839.8617654
}