{
  "remoteok": 1784519372.443484,
  "weworkremotely": 1784519375.402562,
  "arbeitnow": 1784519375.595058,
  "reddit": 1784519384.5004194,
  "google_jobs": 1784498350.6254427,
  "hackernews": 1784519385.4405315,
  "jobspy": 1784498361.450731
}