{
  "remoteok": 1781928863.7325203,
  "weworkremotely": 1781928864.4313848,
  "arbeitnow": 1781928864.5190272,
  "reddit": 1781928873.2799044,
  "google_jobs": 1781898984.0476186,
  "hackernews": 1781928878.055818,
  "jobspy": 1781899000.6542997
}