{
  "remoteok": 1784017133.805247,
  "weworkremotely": 1784017134.7175648,
  "arbeitnow": 1784017134.817511,
  "reddit": 1784017143.4569259,
  "google_jobs": 1783980089.7014496,
  "hackernews": 1784017144.512661,
  "jobspy": 1783980103.7444754
}