{
  "remoteok": 1784539578.9202173,
  "weworkremotely": 1784539579.8505557,
  "arbeitnow": 1784539580.0475817,
  "reddit": 1784539589.07023,
  "google_jobs": 1784498350.6254427,
  "hackernews": 1784539590.1855059,
  "jobspy": 1784498361.450731
}