{
  "remoteok": 1782035933.636735,
  "weworkremotely": 1782035934.5859594,
  "arbeitnow": 1782035934.6629634,
  "reddit": 1782035943.3036056,
  "google_jobs": 1781984809.2992702,
  "hackernews": 1782035948.2929304,
  "jobspy": 1781984826.5180423
}