{
  "remoteok": 1782944535.35864,
  "weworkremotely": 1782944536.1535957,
  "arbeitnow": 1782944536.3292222,
  "reddit": 1782944545.0556626,
  "google_jobs": 1782944553.9431906,
  "hackernews": 1782944556.5743601,
  "jobspy": 1782944567.3140638
}