{
  "remoteok": 1782330889.0967913,
  "weworkremotely": 1782330889.992221,
  "arbeitnow": 1782330890.0940902,
  "reddit": 1782330898.7418008,
  "google_jobs": 1782253159.1188507,
  "hackernews": 1782330903.9306788,
  "jobspy": 1782253175.1930306
}