{
  "remoteok": 1783520926.0677674,
  "weworkremotely": 1783520926.8143983,
  "arbeitnow": 1783520926.952269,
  "reddit": 1783520935.8081536,
  "google_jobs": 1783462558.5522964,
  "hackernews": 1783520937.0935142,
  "jobspy": 1783462572.7302613
}