{
  "remoteok": 1784498328.150639,
  "weworkremotely": 1784498329.3236573,
  "arbeitnow": 1784498329.408672,
  "reddit": 1784498338.048967,
  "google_jobs": 1784498350.6254427,
  "hackernews": 1784498351.6745043,
  "jobspy": 1784498361.450731
}