{
  "remoteok": 1783352818.2480538,
  "weworkremotely": 1783352819.0676098,
  "arbeitnow": 1783352819.2625372,
  "reddit": 1783352828.2563105,
  "google_jobs": 1783289264.9107106,
  "hackernews": 1783352829.477003,
  "jobspy": 1783289278.111536
}