{
  "remoteok": 1782813138.916244,
  "weworkremotely": 1782813139.7504685,
  "arbeitnow": 1782813140.0194175,
  "reddit": 1782813149.1704614,
  "google_jobs": 1782771274.0799289,
  "hackernews": 1782813154.1498806,
  "jobspy": 1782771289.1106906
}