{
  "remoteok": 1784239671.9985073,
  "weworkremotely": 1784239673.5124102,
  "arbeitnow": 1784239673.6996884,
  "reddit": 1784239682.6782632,
  "google_jobs": 1784239685.1294925,
  "hackernews": 1784239686.151558,
  "jobspy": 1784239697.446122
}