{
  "remoteok": 1783107506.9620426,
  "weworkremotely": 1783107507.8207023,
  "arbeitnow": 1783107507.94919,
  "reddit": 1783107516.8756914,
  "google_jobs": 1783030366.1760168,
  "hackernews": 1783107517.9281168,
  "jobspy": 1783030382.678972
}