{
  "remoteok": 1784411772.557258,
  "weworkremotely": 1784411773.6753242,
  "arbeitnow": 1784411773.8450363,
  "reddit": 1784411782.5411842,
  "google_jobs": 1784411784.350081,
  "hackernews": 1784411785.3987787,
  "jobspy": 1784411839.8617654
}