{
  "remoteok": 1784834823.8457413,
  "weworkremotely": 1784834825.129413,
  "arbeitnow": 1784834825.2054222,
  "reddit": 1784834833.8624494,
  "google_jobs": 1784758182.0074077,
  "hackernews": 1784834834.909118,
  "jobspy": 1784758192.066166
}