{
  "remoteok": 1781965047.6387382,
  "weworkremotely": 1781965048.3430178,
  "arbeitnow": 1781965048.4473712,
  "reddit": 1781965057.3359745,
  "google_jobs": 1781898984.0476186,
  "hackernews": 1781965062.299615,
  "jobspy": 1781899000.6542997
}