{
  "remoteok": 1783435888.3316855,
  "weworkremotely": 1783435889.316247,
  "arbeitnow": 1783435889.5530639,
  "reddit": 1783435898.5511456,
  "google_jobs": 1783376346.6741984,
  "hackernews": 1783435899.5531068,
  "jobspy": 1783376364.8934228
}