{
  "remoteok": 1782849989.0007832,
  "weworkremotely": 1782849989.7664542,
  "arbeitnow": 1782849989.9036615,
  "reddit": 1782849998.8188164,
  "google_jobs": 1782771274.0799289,
  "hackernews": 1782850003.6154423,
  "jobspy": 1782771289.1106906
}