{
  "remoteok": 1784401951.9490762,
  "weworkremotely": 1784401953.142128,
  "arbeitnow": 1784401953.29157,
  "reddit": 1784401961.92366,
  "google_jobs": 1784325535.4809048,
  "hackernews": 1784401962.9552631,
  "jobspy": 1784325548.975532
}