{
  "remoteok": 1783636067.680327,
  "weworkremotely": 1783636068.4954476,
  "arbeitnow": 1783636068.6450098,
  "reddit": 1783636077.3910983,
  "google_jobs": 1783636083.4917495,
  "hackernews": 1783636084.4144053,
  "jobspy": 1783636095.9890082
}