{
  "remoteok": 1784057685.1750612,
  "weworkremotely": 1784057685.916296,
  "arbeitnow": 1784057686.1288207,
  "reddit": 1784057695.3670063,
  "google_jobs": 1783980089.7014496,
  "hackernews": 1784057696.4380598,
  "jobspy": 1783980103.7444754
}