{
  "remoteok": 1784576984.6881607,
  "weworkremotely": 1784576985.495765,
  "arbeitnow": 1784576985.6004536,
  "reddit": 1784576994.311224,
  "google_jobs": 1784498350.6254427,
  "hackernews": 1784576995.223912,
  "jobspy": 1784498361.450731
}