{
  "remoteok": 1783268071.9520838,
  "weworkremotely": 1783268073.2405877,
  "arbeitnow": 1783268073.3233192,
  "reddit": 1783268081.952405,
  "google_jobs": 1783202612.4527895,
  "hackernews": 1783268083.0675569,
  "jobspy": 1783202628.8539755
}