{
  "remoteok": 1782568567.2455,
  "weworkremotely": 1782568567.9711854,
  "arbeitnow": 1782568568.1115205,
  "reddit": 1782568576.8210487,
  "google_jobs": 1782512328.3644114,
  "hackernews": 1782568581.662418,
  "jobspy": 1782512345.093901
}