{
  "remoteok": 1783368389.8985283,
  "weworkremotely": 1783368390.6512287,
  "arbeitnow": 1783368390.8463774,
  "reddit": 1783368399.5399802,
  "google_jobs": 1783289264.9107106,
  "hackernews": 1783368400.5724304,
  "jobspy": 1783289278.111536
}