{
  "remoteok": 1782447263.610328,
  "weworkremotely": 1782447264.6203983,
  "arbeitnow": 1782447264.7055864,
  "reddit": 1782447273.3539922,
  "google_jobs": 1782426306.7704709,
  "hackernews": 1782447278.4460218,
  "jobspy": 1782426323.4939945
}