{
  "remoteok": 1783963113.2477794,
  "weworkremotely": 1783963113.9942873,
  "arbeitnow": 1783963114.20494,
  "reddit": 1783963123.2234175,
  "google_jobs": 1783893443.4204237,
  "hackernews": 1783963124.1898954,
  "jobspy": 1783893457.56384
}