{
  "remoteok": 1784651192.5830123,
  "weworkremotely": 1784651193.7009165,
  "arbeitnow": 1784651193.96612,
  "reddit": 1784651203.4039817,
  "google_jobs": 1784585139.6591947,
  "hackernews": 1784651204.423241,
  "jobspy": 1784585182.410842
}