{
  "remoteok": 1783785626.0538483,
  "weworkremotely": 1783785627.2067275,
  "arbeitnow": 1783785627.4184394,
  "reddit": 1783785636.3656023,
  "google_jobs": 1783721466.2428465,
  "hackernews": 1783785637.3606749,
  "jobspy": 1783721477.942848
}