{
  "remoteok": 1784123696.2692606,
  "weworkremotely": 1784123697.5730793,
  "arbeitnow": 1784123697.9711423,
  "reddit": 1784123707.0412767,
  "google_jobs": 1784066648.6983376,
  "hackernews": 1784123708.0597284,
  "jobspy": 1784066659.0413673
}