{
  "remoteok": 1783310860.5755253,
  "weworkremotely": 1783310861.4594042,
  "arbeitnow": 1783310861.8038542,
  "reddit": 1783310871.0098424,
  "google_jobs": 1783289264.9107106,
  "hackernews": 1783310872.0683122,
  "jobspy": 1783289278.111536
}