{
  "remoteok": 1784258321.0226731,
  "weworkremotely": 1784258322.2517743,
  "arbeitnow": 1784258322.3306851,
  "reddit": 1784258330.9571953,
  "google_jobs": 1784239685.1294925,
  "hackernews": 1784258332.134766,
  "jobspy": 1784239697.446122
}