{
  "remoteok": 1783721452.8383038,
  "weworkremotely": 1783721453.6177099,
  "arbeitnow": 1783721453.7954988,
  "reddit": 1783721462.4701803,
  "google_jobs": 1783721466.2428465,
  "hackernews": 1783721467.2894883,
  "jobspy": 1783721477.942848
}