{
  "remoteok": 1784758165.384537,
  "weworkremotely": 1784758166.5204427,
  "arbeitnow": 1784758166.6883385,
  "reddit": 1784758175.6188178,
  "google_jobs": 1784758182.0074077,
  "hackernews": 1784758183.020601,
  "jobspy": 1784758192.066166
}