{
  "remoteok": 1784882094.0343933,
  "weworkremotely": 1784882095.0066466,
  "arbeitnow": 1784882095.168882,
  "reddit": 1784882103.8896072,
  "google_jobs": 1784844553.4410913,
  "hackernews": 1784882104.923175,
  "jobspy": 1784844565.9834569
}