{
  "remoteok": 1782839342.5134425,
  "weworkremotely": 1782839343.5563788,
  "arbeitnow": 1782839343.7898195,
  "reddit": 1782839353.0271716,
  "google_jobs": 1782771274.0799289,
  "hackernews": 1782839357.9475074,
  "jobspy": 1782771289.1106906
}