{
  "remoteok": 1782532808.5306373,
  "weworkremotely": 1782532809.3915017,
  "arbeitnow": 1782532809.496119,
  "reddit": 1782532818.4366283,
  "google_jobs": 1782512328.3644114,
  "hackernews": 1782532826.402454,
  "jobspy": 1782512345.093901
}