{
  "remoteok": 1783070918.5127647,
  "weworkremotely": 1783070919.1945808,
  "arbeitnow": 1783070919.3302028,
  "reddit": 1783070928.0339348,
  "google_jobs": 1783030366.1760168,
  "hackernews": 1783070928.9628284,
  "jobspy": 1783030382.678972
}