{
  "remoteok": 1782071546.3740385,
  "weworkremotely": 1782071547.108278,
  "arbeitnow": 1782071547.2008004,
  "reddit": 1782071555.9144535,
  "google_jobs": 1782071564.1922135,
  "hackernews": 1782071568.992099,
  "jobspy": 1782071580.5275397
}