{
  "remoteok": 1783202598.9549985,
  "weworkremotely": 1783202599.731497,
  "arbeitnow": 1783202599.8886595,
  "reddit": 1783202609.0316935,
  "google_jobs": 1783202612.4527895,
  "hackernews": 1783202613.4458768,
  "jobspy": 1783202628.8539755
}