{
  "remoteok": 1782917339.5729601,
  "weworkremotely": 1782917340.4644802,
  "arbeitnow": 1782917340.633957,
  "reddit": 1782917349.284142,
  "google_jobs": 1782857949.5171797,
  "hackernews": 1782917354.13874,
  "jobspy": 1782857967.6164274
}