{
  "remoteok": 1783259585.188576,
  "weworkremotely": 1783259585.8737288,
  "arbeitnow": 1783259586.0112772,
  "reddit": 1783259594.7625546,
  "google_jobs": 1783202612.4527895,
  "hackernews": 1783259595.7006683,
  "jobspy": 1783202628.8539755
}