{
  "remoteok": 1783676789.9752243,
  "weworkremotely": 1783676790.8867838,
  "arbeitnow": 1783676791.1105413,
  "reddit": 1783676799.74442,
  "google_jobs": 1783636083.4917495,
  "hackernews": 1783676800.8183367,
  "jobspy": 1783636095.9890082
}