{
  "remoteok": 1784729352.7468278,
  "weworkremotely": 1784729353.6921885,
  "arbeitnow": 1784729353.7607796,
  "reddit": 1784729362.3864548,
  "google_jobs": 1784671679.0893016,
  "hackernews": 1784729363.7053342,
  "jobspy": 1784671702.2497354
}