{
  "remoteok": 1783096794.6159189,
  "weworkremotely": 1783096795.6482434,
  "arbeitnow": 1783096795.9397707,
  "reddit": 1783096804.8171349,
  "google_jobs": 1783030366.1760168,
  "hackernews": 1783096805.8056858,
  "jobspy": 1783030382.678972
}