{
  "remoteok": 1783444953.9387324,
  "weworkremotely": 1783444955.2192,
  "arbeitnow": 1783444955.316879,
  "reddit": 1783444963.9704137,
  "google_jobs": 1783376346.6741984,
  "hackernews": 1783444965.0560336,
  "jobspy": 1783376364.8934228
}