{
  "remoteok": 1783376335.8207002,
  "weworkremotely": 1783376336.5582187,
  "arbeitnow": 1783376336.6846251,
  "reddit": 1783376345.4829822,
  "google_jobs": 1783376346.6741984,
  "hackernews": 1783376347.7546716,
  "jobspy": 1783376364.8934228
}