{
  "remoteok": 1782339776.9408066,
  "weworkremotely": 1782339777.9118922,
  "arbeitnow": 1782339778.1466508,
  "reddit": 1782339787.4669585,
  "google_jobs": 1782339790.0189335,
  "hackernews": 1782339794.870466,
  "jobspy": 1782339806.4466052
}