{
  "remoteok": 1781906994.914687,
  "weworkremotely": 1781906996.0423772,
  "arbeitnow": 1781906996.305516,
  "reddit": 1781907005.1642478,
  "google_jobs": 1781898984.0476186,
  "hackernews": 1781907010.5236976,
  "jobspy": 1781899000.6542997
}