{
  "remoteok": 1782274011.7124338,
  "weworkremotely": 1782274012.4218512,
  "arbeitnow": 1782274012.5910356,
  "reddit": 1782274021.3457646,
  "google_jobs": 1782253159.1188507,
  "hackernews": 1782274026.5419445,
  "jobspy": 1782253175.1930306
}