{
  "remoteok": 1784623087.8478322,
  "weworkremotely": 1784623088.8121297,
  "arbeitnow": 1784623088.9966695,
  "reddit": 1784623098.2959907,
  "google_jobs": 1784585139.6591947,
  "hackernews": 1784623099.2940793,
  "jobspy": 1784585182.410842
}