{
  "remoteok": 1782208496.2901406,
  "weworkremotely": 1782208497.7521014,
  "arbeitnow": 1782208497.9299686,
  "reddit": 1782208506.924809,
  "google_jobs": 1782168661.8024802,
  "hackernews": 1782208512.3071578,
  "jobspy": 1782168676.8541906
}