{
  "remoteok": 1784084050.5074172,
  "weworkremotely": 1784084051.3996332,
  "arbeitnow": 1784084051.5998335,
  "reddit": 1784084060.8528566,
  "google_jobs": 1784066648.6983376,
  "hackernews": 1784084062.0102682,
  "jobspy": 1784066659.0413673
}