{
  "remoteok": 1782493456.4132574,
  "weworkremotely": 1782493457.5553079,
  "arbeitnow": 1782493458.1022656,
  "reddit": 1782493467.1309056,
  "google_jobs": 1782426306.7704709,
  "hackernews": 1782493472.3493054,
  "jobspy": 1782426323.4939945
}