{
  "remoteok": 1783454698.5181363,
  "weworkremotely": 1783454699.3142838,
  "arbeitnow": 1783454699.4187784,
  "reddit": 1783454708.0829496,
  "google_jobs": 1783376346.6741984,
  "hackernews": 1783454709.154856,
  "jobspy": 1783376364.8934228
}