{
  "remoteok": 1782130592.7225308,
  "weworkremotely": 1782130593.8048346,
  "arbeitnow": 1782130593.905702,
  "reddit": 1782130602.6047597,
  "google_jobs": 1782071564.1922135,
  "hackernews": 1782130607.8146741,
  "jobspy": 1782071580.5275397
}