{
  "remoteok": 1784671665.8649433,
  "weworkremotely": 1784671666.632786,
  "arbeitnow": 1784671666.7667298,
  "reddit": 1784671675.4494317,
  "google_jobs": 1784671679.0893016,
  "hackernews": 1784671680.027453,
  "jobspy": 1784671702.2497354
}