{
  "remoteok": 1783863631.6775055,
  "weworkremotely": 1783863632.6054704,
  "arbeitnow": 1783863632.6900165,
  "reddit": 1783863641.3090265,
  "google_jobs": 1783806983.8510523,
  "hackernews": 1783863642.3246703,
  "jobspy": 1783806997.5556755
}