{
  "remoteok": 1781984791.6259928,
  "weworkremotely": 1781984793.5974848,
  "arbeitnow": 1781984793.8869593,
  "reddit": 1781984803.068378,
  "google_jobs": 1781984809.2992702,
  "hackernews": 1781984814.103757,
  "jobspy": 1781984826.5180423
}