{
  "remoteok": 1782638422.6735692,
  "weworkremotely": 1782638423.724177,
  "arbeitnow": 1782638423.9625962,
  "reddit": 1782638433.397622,
  "google_jobs": 1782598113.894261,
  "hackernews": 1782638438.3191862,
  "jobspy": 1782598137.7937682
}