{
  "remoteok": 1783569150.1150303,
  "weworkremotely": 1783569150.829641,
  "arbeitnow": 1783569150.9324348,
  "reddit": 1783569159.6797097,
  "google_jobs": 1783548767.1452513,
  "hackernews": 1783569160.6226172,
  "jobspy": 1783548784.8001761
}