{
  "remoteok": 1784296265.0681882,
  "weworkremotely": 1784296265.6817908,
  "arbeitnow": 1784296265.8307097,
  "reddit": 1784296274.5348983,
  "google_jobs": 1784239685.1294925,
  "hackernews": 1784296275.5309947,
  "jobspy": 1784239697.446122
}