{
  "remoteok": 1782558040.6144931,
  "weworkremotely": 1782558041.668156,
  "arbeitnow": 1782558041.7495635,
  "reddit": 1782558050.3932014,
  "google_jobs": 1782512328.3644114,
  "hackernews": 1782558055.3822675,
  "jobspy": 1782512345.093901
}