{
  "remoteok": 1783827101.239206,
  "weworkremotely": 1783827101.884818,
  "arbeitnow": 1783827102.0505743,
  "reddit": 1783827110.823258,
  "google_jobs": 1783806983.8510523,
  "hackernews": 1783827111.8986864,
  "jobspy": 1783806997.5556755
}